This file is updated daily by a GitHub Action.
Commit 1 on Mon Jun 16 22:24:08 UTC 2025
Commit 2 on Mon Jun 16 22:24:08 UTC 2025
Commit 3 on Mon Jun 16 22:24:08 UTC 2025
Commit 4 on Mon Jun 16 22:24:08 UTC 2025
Commit 5 on Mon Jun 16 22:24:08 UTC 2025
Commit 6 on Mon Jun 16 22:24:08 UTC 2025
Commit 7 on Mon Jun 16 22:24:08 UTC 2025
Commit 8 on Mon Jun 16 22:24:08 UTC 2025
Commit 9 on Mon Jun 16 22:24:08 UTC 2025
Commit 10 on Mon Jun 16 22:24:08 UTC 2025
Commit 11 on Mon Jun 16 22:24:08 UTC 2025
Commit 12 on Mon Jun 16 22:24:08 UTC 2025
Commit 13 on Mon Jun 16 22:24:08 UTC 2025
Commit 14 on Mon Jun 16 22:24:08 UTC 2025
Commit 1 on Tue Jun 17 05:24:17 UTC 2025
Commit 2 on Tue Jun 17 05:24:17 UTC 2025
Commit 3 on Tue Jun 17 05:24:17 UTC 2025
Commit 4 on Tue Jun 17 05:24:17 UTC 2025
Commit 5 on Tue Jun 17 05:24:17 UTC 2025
Commit 1 on Wed Jun 18 05:23:58 UTC 2025
Commit 2 on Wed Jun 18 05:23:58 UTC 2025
Commit 3 on Wed Jun 18 05:23:58 UTC 2025
Commit 4 on Wed Jun 18 05:23:58 UTC 2025
Commit 5 on Wed Jun 18 05:23:58 UTC 2025
Commit 1 on Thu Jun 19 05:23:49 UTC 2025
Commit 1 on Fri Jun 20 05:24:19 UTC 2025
Commit 2 on Fri Jun 20 05:24:19 UTC 2025
Commit 3 on Fri Jun 20 05:24:19 UTC 2025
Commit 4 on Fri Jun 20 05:24:19 UTC 2025
Commit 5 on Fri Jun 20 05:24:19 UTC 2025
Commit 6 on Fri Jun 20 05:24:19 UTC 2025
Commit 1 on Sat Jun 21 05:22:30 UTC 2025
Commit 2 on Sat Jun 21 05:22:30 UTC 2025
Commit 3 on Sat Jun 21 05:22:30 UTC 2025
Commit 4 on Sat Jun 21 05:22:30 UTC 2025
Commit 5 on Sat Jun 21 05:22:30 UTC 2025
Commit 6 on Sat Jun 21 05:22:30 UTC 2025
Commit 1 on Sun Jun 22 05:22:56 UTC 2025
Commit 2 on Sun Jun 22 05:22:56 UTC 2025
Commit 3 on Sun Jun 22 05:22:56 UTC 2025
Commit 4 on Sun Jun 22 05:22:56 UTC 2025
Commit 5 on Sun Jun 22 05:22:56 UTC 2025
Commit 6 on Sun Jun 22 05:22:56 UTC 2025
Commit 7 on Sun Jun 22 05:22:56 UTC 2025
Commit 8 on Sun Jun 22 05:22:56 UTC 2025
Commit 9 on Sun Jun 22 05:22:56 UTC 2025
Commit 10 on Sun Jun 22 05:22:56 UTC 2025
Commit 1 on Mon Jun 23 05:26:21 UTC 2025
Commit 1 on Tue Jun 24 05:25:19 UTC 2025
Commit 2 on Tue Jun 24 05:25:19 UTC 2025
Commit 3 on Tue Jun 24 05:25:19 UTC 2025
Commit 4 on Tue Jun 24 05:25:19 UTC 2025
Commit 5 on Tue Jun 24 05:25:19 UTC 2025
Commit 6 on Tue Jun 24 05:25:19 UTC 2025
Commit 1 on Wed Jun 25 05:25:18 UTC 2025
Commit 2 on Wed Jun 25 05:25:18 UTC 2025
Commit 3 on Wed Jun 25 05:25:18 UTC 2025
Commit 4 on Wed Jun 25 05:25:18 UTC 2025
Commit 5 on Wed Jun 25 05:25:18 UTC 2025
Commit 6 on Wed Jun 25 05:25:18 UTC 2025
Commit 7 on Wed Jun 25 05:25:18 UTC 2025
Commit 8 on Wed Jun 25 05:25:18 UTC 2025
Commit 9 on Wed Jun 25 05:25:18 UTC 2025
Commit 10 on Wed Jun 25 05:25:18 UTC 2025
Commit 11 on Wed Jun 25 05:25:18 UTC 2025
Commit 12 on Wed Jun 25 05:25:18 UTC 2025
Commit 13 on Wed Jun 25 05:25:18 UTC 2025
Commit 14 on Wed Jun 25 05:25:18 UTC 2025
Commit 1 on Thu Jun 26 05:24:55 UTC 2025
Commit 2 on Thu Jun 26 05:24:55 UTC 2025
Commit 3 on Thu Jun 26 05:24:55 UTC 2025
Commit 4 on Thu Jun 26 05:24:55 UTC 2025
Commit 5 on Thu Jun 26 05:24:55 UTC 2025
Commit 6 on Thu Jun 26 05:24:55 UTC 2025
Commit 7 on Thu Jun 26 05:24:55 UTC 2025
Commit 1 on Fri Jun 27 05:24:24 UTC 2025
Commit 1 on Sat Jun 28 05:23:35 UTC 2025
Commit 2 on Sat Jun 28 05:23:35 UTC 2025
Commit 3 on Sat Jun 28 05:23:35 UTC 2025
Commit 4 on Sat Jun 28 05:23:35 UTC 2025
Commit 5 on Sat Jun 28 05:23:35 UTC 2025
Commit 6 on Sat Jun 28 05:23:35 UTC 2025
Commit 7 on Sat Jun 28 05:23:35 UTC 2025
Commit 1 on Sun Jun 29 05:26:01 UTC 2025
Commit 2 on Sun Jun 29 05:26:01 UTC 2025
Commit 3 on Sun Jun 29 05:26:01 UTC 2025
Commit 4 on Sun Jun 29 05:26:01 UTC 2025
Commit 5 on Sun Jun 29 05:26:01 UTC 2025
Commit 6 on Sun Jun 29 05:26:01 UTC 2025
Commit 7 on Sun Jun 29 05:26:01 UTC 2025
Commit 1 on Mon Jun 30 05:26:47 UTC 2025
Commit 2 on Mon Jun 30 05:26:47 UTC 2025
Commit 3 on Mon Jun 30 05:26:47 UTC 2025
Commit 4 on Mon Jun 30 05:26:47 UTC 2025
Commit 1 on Tue Jul  1 05:27:10 UTC 2025
Commit 1 on Wed Jul  2 05:26:41 UTC 2025
Commit 2 on Wed Jul  2 05:26:41 UTC 2025
Commit 3 on Wed Jul  2 05:26:41 UTC 2025
Commit 4 on Wed Jul  2 05:26:41 UTC 2025
Commit 5 on Wed Jul  2 05:26:41 UTC 2025
Commit 6 on Wed Jul  2 05:26:41 UTC 2025
Commit 7 on Wed Jul  2 05:26:41 UTC 2025
Commit 8 on Wed Jul  2 05:26:41 UTC 2025
Commit 9 on Wed Jul  2 05:26:41 UTC 2025
Commit 10 on Wed Jul  2 05:26:41 UTC 2025
Commit 11 on Wed Jul  2 05:26:41 UTC 2025
Commit 1 on Thu Jul  3 05:27:08 UTC 2025
Commit 2 on Thu Jul  3 05:27:08 UTC 2025
Commit 3 on Thu Jul  3 05:27:08 UTC 2025
Commit 4 on Thu Jul  3 05:27:08 UTC 2025
Commit 5 on Thu Jul  3 05:27:08 UTC 2025
Commit 6 on Thu Jul  3 05:27:08 UTC 2025
Commit 7 on Thu Jul  3 05:27:08 UTC 2025
Commit 8 on Thu Jul  3 05:27:08 UTC 2025
Commit 1 on Fri Jul  4 05:26:46 UTC 2025
Commit 2 on Fri Jul  4 05:26:46 UTC 2025
Commit 3 on Fri Jul  4 05:26:46 UTC 2025
Commit 4 on Fri Jul  4 05:26:46 UTC 2025
Commit 5 on Fri Jul  4 05:26:46 UTC 2025
Commit 6 on Fri Jul  4 05:26:46 UTC 2025
Commit 1 on Sat Jul  5 05:23:06 UTC 2025
Commit 2 on Sat Jul  5 05:23:06 UTC 2025
Commit 1 on Sun Jul  6 05:23:55 UTC 2025
Commit 2 on Sun Jul  6 05:23:55 UTC 2025
Commit 3 on Sun Jul  6 05:23:55 UTC 2025
Commit 4 on Sun Jul  6 05:23:55 UTC 2025
Commit 5 on Sun Jul  6 05:23:55 UTC 2025
Commit 6 on Sun Jul  6 05:23:55 UTC 2025
Commit 7 on Sun Jul  6 05:23:55 UTC 2025
Commit 8 on Sun Jul  6 05:23:55 UTC 2025
Commit 9 on Sun Jul  6 05:23:55 UTC 2025
Commit 1 on Mon Jul  7 05:27:24 UTC 2025
Commit 2 on Mon Jul  7 05:27:24 UTC 2025
Commit 3 on Mon Jul  7 05:27:24 UTC 2025
Commit 4 on Mon Jul  7 05:27:24 UTC 2025
Commit 5 on Mon Jul  7 05:27:24 UTC 2025
Commit 6 on Mon Jul  7 05:27:24 UTC 2025
Commit 1 on Tue Jul  8 05:25:34 UTC 2025
Commit 2 on Tue Jul  8 05:25:34 UTC 2025
Commit 3 on Tue Jul  8 05:25:34 UTC 2025
Commit 4 on Tue Jul  8 05:25:34 UTC 2025
Commit 5 on Tue Jul  8 05:25:34 UTC 2025
Commit 6 on Tue Jul  8 05:25:34 UTC 2025
Commit 7 on Tue Jul  8 05:25:34 UTC 2025
Commit 8 on Tue Jul  8 05:25:34 UTC 2025
Commit 9 on Tue Jul  8 05:25:34 UTC 2025
Commit 10 on Tue Jul  8 05:25:34 UTC 2025
Commit 11 on Tue Jul  8 05:25:34 UTC 2025
Commit 1 on Wed Jul  9 05:28:24 UTC 2025
Commit 2 on Wed Jul  9 05:28:24 UTC 2025
Commit 3 on Wed Jul  9 05:28:24 UTC 2025
Commit 4 on Wed Jul  9 05:28:24 UTC 2025
Commit 5 on Wed Jul  9 05:28:24 UTC 2025
Commit 1 on Thu Jul 10 05:27:12 UTC 2025
Commit 2 on Thu Jul 10 05:27:12 UTC 2025
Commit 3 on Thu Jul 10 05:27:12 UTC 2025
Commit 4 on Thu Jul 10 05:27:12 UTC 2025
Commit 1 on Fri Jul 11 05:27:21 UTC 2025
Commit 2 on Fri Jul 11 05:27:21 UTC 2025
Commit 3 on Fri Jul 11 05:27:21 UTC 2025
Commit 4 on Fri Jul 11 05:27:21 UTC 2025
Commit 1 on Sat Jul 12 05:24:44 UTC 2025
Commit 2 on Sat Jul 12 05:24:44 UTC 2025
Commit 3 on Sat Jul 12 05:24:44 UTC 2025
Commit 4 on Sat Jul 12 05:24:44 UTC 2025
Commit 5 on Sat Jul 12 05:24:44 UTC 2025
Commit 1 on Sun Jul 13 05:26:06 UTC 2025
Commit 2 on Sun Jul 13 05:26:06 UTC 2025
Commit 3 on Sun Jul 13 05:26:06 UTC 2025
Commit 4 on Sun Jul 13 05:26:06 UTC 2025
Commit 5 on Sun Jul 13 05:26:06 UTC 2025
Commit 6 on Sun Jul 13 05:26:06 UTC 2025
Commit 7 on Sun Jul 13 05:26:06 UTC 2025
Commit 8 on Sun Jul 13 05:26:06 UTC 2025
Commit 9 on Sun Jul 13 05:26:06 UTC 2025
Commit 10 on Sun Jul 13 05:26:06 UTC 2025
Commit 11 on Sun Jul 13 05:26:06 UTC 2025
Commit 12 on Sun Jul 13 05:26:06 UTC 2025
Commit 13 on Sun Jul 13 05:26:06 UTC 2025
Commit 1 on Mon Jul 14 05:29:48 UTC 2025
Commit 1 on Tue Jul 15 05:28:45 UTC 2025
Commit 2 on Tue Jul 15 05:28:45 UTC 2025
Commit 3 on Tue Jul 15 05:28:45 UTC 2025
Commit 4 on Tue Jul 15 05:28:45 UTC 2025
Commit 5 on Tue Jul 15 05:28:45 UTC 2025
Commit 6 on Tue Jul 15 05:28:45 UTC 2025
Commit 7 on Tue Jul 15 05:28:45 UTC 2025
Commit 8 on Tue Jul 15 05:28:45 UTC 2025
Commit 1 on Wed Jul 16 05:30:18 UTC 2025
Commit 2 on Wed Jul 16 05:30:18 UTC 2025
Commit 3 on Wed Jul 16 05:30:18 UTC 2025
Commit 4 on Wed Jul 16 05:30:18 UTC 2025
Commit 5 on Wed Jul 16 05:30:18 UTC 2025
Commit 1 on Thu Jul 17 05:29:07 UTC 2025
Commit 2 on Thu Jul 17 05:29:07 UTC 2025
Commit 3 on Thu Jul 17 05:29:07 UTC 2025
Commit 4 on Thu Jul 17 05:29:07 UTC 2025
Commit 5 on Thu Jul 17 05:29:07 UTC 2025
Commit 6 on Thu Jul 17 05:29:08 UTC 2025
Commit 7 on Thu Jul 17 05:29:08 UTC 2025
Commit 8 on Thu Jul 17 05:29:08 UTC 2025
Commit 9 on Thu Jul 17 05:29:08 UTC 2025
Commit 10 on Thu Jul 17 05:29:08 UTC 2025
Commit 11 on Thu Jul 17 05:29:08 UTC 2025
Commit 12 on Thu Jul 17 05:29:08 UTC 2025
Commit 13 on Thu Jul 17 05:29:08 UTC 2025
Commit 14 on Thu Jul 17 05:29:08 UTC 2025
Commit 1 on Fri Jul 18 05:29:59 UTC 2025
Commit 2 on Fri Jul 18 05:29:59 UTC 2025
Commit 3 on Fri Jul 18 05:29:59 UTC 2025
Commit 4 on Fri Jul 18 05:29:59 UTC 2025
Commit 5 on Fri Jul 18 05:29:59 UTC 2025
Commit 6 on Fri Jul 18 05:29:59 UTC 2025
Commit 7 on Fri Jul 18 05:29:59 UTC 2025
Commit 8 on Fri Jul 18 05:29:59 UTC 2025
Commit 9 on Fri Jul 18 05:29:59 UTC 2025
Commit 10 on Fri Jul 18 05:29:59 UTC 2025
Commit 11 on Fri Jul 18 05:29:59 UTC 2025
Commit 12 on Fri Jul 18 05:29:59 UTC 2025
Commit 13 on Fri Jul 18 05:29:59 UTC 2025
Commit 1 on Sat Jul 19 05:25:51 UTC 2025
Commit 2 on Sat Jul 19 05:25:51 UTC 2025
Commit 3 on Sat Jul 19 05:25:51 UTC 2025
Commit 4 on Sat Jul 19 05:25:51 UTC 2025
Commit 1 on Sun Jul 20 05:29:29 UTC 2025
Commit 2 on Sun Jul 20 05:29:29 UTC 2025
Commit 3 on Sun Jul 20 05:29:29 UTC 2025
Commit 4 on Sun Jul 20 05:29:29 UTC 2025
Commit 5 on Sun Jul 20 05:29:29 UTC 2025
Commit 6 on Sun Jul 20 05:29:29 UTC 2025
Commit 7 on Sun Jul 20 05:29:29 UTC 2025
Commit 8 on Sun Jul 20 05:29:29 UTC 2025
Commit 9 on Sun Jul 20 05:29:29 UTC 2025
Commit 10 on Sun Jul 20 05:29:29 UTC 2025
Commit 1 on Mon Jul 21 05:31:45 UTC 2025
Commit 1 on Tue Jul 22 05:29:26 UTC 2025
Commit 2 on Tue Jul 22 05:29:26 UTC 2025
Commit 3 on Tue Jul 22 05:29:26 UTC 2025
Commit 4 on Tue Jul 22 05:29:26 UTC 2025
Commit 5 on Tue Jul 22 05:29:26 UTC 2025
Commit 6 on Tue Jul 22 05:29:26 UTC 2025
Commit 7 on Tue Jul 22 05:29:26 UTC 2025
Commit 8 on Tue Jul 22 05:29:26 UTC 2025
Commit 9 on Tue Jul 22 05:29:26 UTC 2025
Commit 10 on Tue Jul 22 05:29:26 UTC 2025
Commit 11 on Tue Jul 22 05:29:26 UTC 2025
Commit 1 on Wed Jul 23 05:32:04 UTC 2025
Commit 2 on Wed Jul 23 05:32:04 UTC 2025
Commit 3 on Wed Jul 23 05:32:04 UTC 2025
Commit 4 on Wed Jul 23 05:32:04 UTC 2025
Commit 5 on Wed Jul 23 05:32:04 UTC 2025
Commit 6 on Wed Jul 23 05:32:04 UTC 2025
Commit 7 on Wed Jul 23 05:32:04 UTC 2025
Commit 8 on Wed Jul 23 05:32:04 UTC 2025
Commit 9 on Wed Jul 23 05:32:04 UTC 2025
Commit 10 on Wed Jul 23 05:32:04 UTC 2025
Commit 1 on Thu Jul 24 05:30:06 UTC 2025
Commit 2 on Thu Jul 24 05:30:06 UTC 2025
Commit 3 on Thu Jul 24 05:30:06 UTC 2025
Commit 4 on Thu Jul 24 05:30:06 UTC 2025
Commit 1 on Fri Jul 25 05:31:39 UTC 2025
Commit 2 on Fri Jul 25 05:31:39 UTC 2025
Commit 3 on Fri Jul 25 05:31:39 UTC 2025
Commit 4 on Fri Jul 25 05:31:39 UTC 2025
Commit 5 on Fri Jul 25 05:31:39 UTC 2025
Commit 6 on Fri Jul 25 05:31:39 UTC 2025
Commit 7 on Fri Jul 25 05:31:39 UTC 2025
Commit 8 on Fri Jul 25 05:31:39 UTC 2025
Commit 9 on Fri Jul 25 05:31:39 UTC 2025
Commit 10 on Fri Jul 25 05:31:39 UTC 2025
Commit 1 on Sat Jul 26 05:26:20 UTC 2025
Commit 2 on Sat Jul 26 05:26:20 UTC 2025
Commit 3 on Sat Jul 26 05:26:20 UTC 2025
Commit 4 on Sat Jul 26 05:26:20 UTC 2025
Commit 1 on Sun Jul 27 05:29:58 UTC 2025
Commit 2 on Sun Jul 27 05:29:58 UTC 2025
Commit 1 on Mon Jul 28 05:33:03 UTC 2025
Commit 2 on Mon Jul 28 05:33:03 UTC 2025
Commit 3 on Mon Jul 28 05:33:03 UTC 2025
Commit 4 on Mon Jul 28 05:33:03 UTC 2025
Commit 5 on Mon Jul 28 05:33:03 UTC 2025
Commit 6 on Mon Jul 28 05:33:03 UTC 2025
Commit 7 on Mon Jul 28 05:33:03 UTC 2025
Commit 8 on Mon Jul 28 05:33:03 UTC 2025
Commit 9 on Mon Jul 28 05:33:03 UTC 2025
Commit 10 on Mon Jul 28 05:33:03 UTC 2025
Commit 11 on Mon Jul 28 05:33:03 UTC 2025
Commit 12 on Mon Jul 28 05:33:03 UTC 2025
Commit 13 on Mon Jul 28 05:33:03 UTC 2025
Commit 1 on Tue Jul 29 05:33:31 UTC 2025
Commit 2 on Tue Jul 29 05:33:31 UTC 2025
Commit 3 on Tue Jul 29 05:33:31 UTC 2025
Commit 4 on Tue Jul 29 05:33:31 UTC 2025
Commit 1 on Wed Jul 30 05:33:37 UTC 2025
Commit 2 on Wed Jul 30 05:33:37 UTC 2025
Commit 3 on Wed Jul 30 05:33:37 UTC 2025
Commit 4 on Wed Jul 30 05:33:37 UTC 2025
Commit 5 on Wed Jul 30 05:33:37 UTC 2025
Commit 6 on Wed Jul 30 05:33:37 UTC 2025
Commit 7 on Wed Jul 30 05:33:37 UTC 2025
Commit 1 on Thu Jul 31 05:31:32 UTC 2025
Commit 2 on Thu Jul 31 05:31:32 UTC 2025
Commit 3 on Thu Jul 31 05:31:32 UTC 2025
Commit 4 on Thu Jul 31 05:31:32 UTC 2025
Commit 5 on Thu Jul 31 05:31:32 UTC 2025
Commit 6 on Thu Jul 31 05:31:32 UTC 2025
Commit 1 on Fri Aug  1 05:34:32 UTC 2025
Commit 2 on Fri Aug  1 05:34:32 UTC 2025
Commit 1 on Sat Aug  2 05:27:33 UTC 2025
Commit 2 on Sat Aug  2 05:27:33 UTC 2025
Commit 3 on Sat Aug  2 05:27:33 UTC 2025
Commit 4 on Sat Aug  2 05:27:33 UTC 2025
Commit 5 on Sat Aug  2 05:27:33 UTC 2025
Commit 6 on Sat Aug  2 05:27:33 UTC 2025
Commit 7 on Sat Aug  2 05:27:33 UTC 2025
Commit 8 on Sat Aug  2 05:27:33 UTC 2025
Commit 9 on Sat Aug  2 05:27:33 UTC 2025
Commit 10 on Sat Aug  2 05:27:33 UTC 2025
Commit 11 on Sat Aug  2 05:27:33 UTC 2025
Commit 1 on Sun Aug  3 05:31:21 UTC 2025
Commit 2 on Sun Aug  3 05:31:21 UTC 2025
Commit 3 on Sun Aug  3 05:31:21 UTC 2025
Commit 4 on Sun Aug  3 05:31:21 UTC 2025
Commit 5 on Sun Aug  3 05:31:21 UTC 2025
Commit 6 on Sun Aug  3 05:31:21 UTC 2025
Commit 7 on Sun Aug  3 05:31:21 UTC 2025
Commit 8 on Sun Aug  3 05:31:21 UTC 2025
Commit 9 on Sun Aug  3 05:31:21 UTC 2025
Commit 10 on Sun Aug  3 05:31:21 UTC 2025
Commit 11 on Sun Aug  3 05:31:21 UTC 2025
Commit 12 on Sun Aug  3 05:31:21 UTC 2025
Commit 13 on Sun Aug  3 05:31:21 UTC 2025
Commit 1 on Mon Aug  4 05:39:21 UTC 2025
Commit 2 on Mon Aug  4 05:39:21 UTC 2025
Commit 3 on Mon Aug  4 05:39:21 UTC 2025
Commit 1 on Tue Aug  5 05:33:46 UTC 2025
Commit 2 on Tue Aug  5 05:33:46 UTC 2025
Commit 3 on Tue Aug  5 05:33:46 UTC 2025
Commit 4 on Tue Aug  5 05:33:46 UTC 2025
Commit 5 on Tue Aug  5 05:33:46 UTC 2025
Commit 6 on Tue Aug  5 05:33:46 UTC 2025
Commit 7 on Tue Aug  5 05:33:46 UTC 2025
Commit 8 on Tue Aug  5 05:33:46 UTC 2025
Commit 1 on Wed Aug  6 05:34:29 UTC 2025
Commit 2 on Wed Aug  6 05:34:29 UTC 2025
Commit 3 on Wed Aug  6 05:34:29 UTC 2025
Commit 4 on Wed Aug  6 05:34:29 UTC 2025
Commit 5 on Wed Aug  6 05:34:29 UTC 2025
Commit 6 on Wed Aug  6 05:34:29 UTC 2025
Commit 7 on Wed Aug  6 05:34:29 UTC 2025
Commit 8 on Wed Aug  6 05:34:29 UTC 2025
Commit 9 on Wed Aug  6 05:34:29 UTC 2025
Commit 10 on Wed Aug  6 05:34:29 UTC 2025
Commit 11 on Wed Aug  6 05:34:29 UTC 2025
Commit 12 on Wed Aug  6 05:34:29 UTC 2025
Commit 1 on Thu Aug  7 05:32:46 UTC 2025
Commit 2 on Thu Aug  7 05:32:46 UTC 2025
Commit 3 on Thu Aug  7 05:32:46 UTC 2025
Commit 4 on Thu Aug  7 05:32:46 UTC 2025
Commit 5 on Thu Aug  7 05:32:46 UTC 2025
Commit 6 on Thu Aug  7 05:32:46 UTC 2025
Commit 7 on Thu Aug  7 05:32:46 UTC 2025
Commit 8 on Thu Aug  7 05:32:46 UTC 2025
Commit 9 on Thu Aug  7 05:32:46 UTC 2025
Commit 10 on Thu Aug  7 05:32:46 UTC 2025
Commit 11 on Thu Aug  7 05:32:46 UTC 2025
Commit 1 on Fri Aug  8 05:32:46 UTC 2025
Commit 2 on Fri Aug  8 05:32:46 UTC 2025
Commit 3 on Fri Aug  8 05:32:46 UTC 2025
Commit 4 on Fri Aug  8 05:32:46 UTC 2025
Commit 1 on Sat Aug  9 05:24:05 UTC 2025
Commit 2 on Sat Aug  9 05:24:05 UTC 2025
Commit 3 on Sat Aug  9 05:24:05 UTC 2025
Commit 4 on Sat Aug  9 05:24:05 UTC 2025
Commit 5 on Sat Aug  9 05:24:05 UTC 2025
Commit 6 on Sat Aug  9 05:24:05 UTC 2025
Commit 7 on Sat Aug  9 05:24:05 UTC 2025
Commit 8 on Sat Aug  9 05:24:05 UTC 2025
Commit 9 on Sat Aug  9 05:24:05 UTC 2025
Commit 10 on Sat Aug  9 05:24:05 UTC 2025
Commit 11 on Sat Aug  9 05:24:05 UTC 2025
Commit 1 on Sun Aug 10 05:27:33 UTC 2025
Commit 1 on Mon Aug 11 05:32:11 UTC 2025
Commit 1 on Tue Aug 12 05:24:02 UTC 2025
Commit 1 on Wed Aug 13 05:25:17 UTC 2025
Commit 2 on Wed Aug 13 05:25:17 UTC 2025
Commit 3 on Wed Aug 13 05:25:17 UTC 2025
Commit 4 on Wed Aug 13 05:25:17 UTC 2025
Commit 5 on Wed Aug 13 05:25:17 UTC 2025
Commit 6 on Wed Aug 13 05:25:17 UTC 2025
Commit 7 on Wed Aug 13 05:25:17 UTC 2025
Commit 8 on Wed Aug 13 05:25:17 UTC 2025
Commit 9 on Wed Aug 13 05:25:17 UTC 2025
Commit 10 on Wed Aug 13 05:25:17 UTC 2025
Commit 11 on Wed Aug 13 05:25:17 UTC 2025
Commit 1 on Thu Aug 14 05:25:31 UTC 2025
Commit 2 on Thu Aug 14 05:25:31 UTC 2025
Commit 3 on Thu Aug 14 05:25:31 UTC 2025
Commit 4 on Thu Aug 14 05:25:31 UTC 2025
Commit 5 on Thu Aug 14 05:25:31 UTC 2025
Commit 1 on Fri Aug 15 05:25:23 UTC 2025
Commit 2 on Fri Aug 15 05:25:23 UTC 2025
Commit 3 on Fri Aug 15 05:25:23 UTC 2025
Commit 4 on Fri Aug 15 05:25:23 UTC 2025
Commit 5 on Fri Aug 15 05:25:23 UTC 2025
Commit 6 on Fri Aug 15 05:25:23 UTC 2025
Commit 7 on Fri Aug 15 05:25:23 UTC 2025
Commit 8 on Fri Aug 15 05:25:23 UTC 2025
Commit 9 on Fri Aug 15 05:25:23 UTC 2025
Commit 10 on Fri Aug 15 05:25:23 UTC 2025
Commit 11 on Fri Aug 15 05:25:23 UTC 2025
Commit 12 on Fri Aug 15 05:25:23 UTC 2025
Commit 13 on Fri Aug 15 05:25:23 UTC 2025
Commit 14 on Fri Aug 15 05:25:23 UTC 2025
Commit 15 on Fri Aug 15 05:25:24 UTC 2025
Commit 1 on Sat Aug 16 05:23:17 UTC 2025
Commit 2 on Sat Aug 16 05:23:17 UTC 2025
Commit 3 on Sat Aug 16 05:23:17 UTC 2025
Commit 4 on Sat Aug 16 05:23:17 UTC 2025
Commit 5 on Sat Aug 16 05:23:17 UTC 2025
Commit 6 on Sat Aug 16 05:23:17 UTC 2025
Commit 7 on Sat Aug 16 05:23:17 UTC 2025
Commit 8 on Sat Aug 16 05:23:17 UTC 2025
Commit 9 on Sat Aug 16 05:23:17 UTC 2025
Commit 10 on Sat Aug 16 05:23:17 UTC 2025
Commit 11 on Sat Aug 16 05:23:17 UTC 2025
Commit 12 on Sat Aug 16 05:23:17 UTC 2025
Commit 1 on Sun Aug 17 05:23:58 UTC 2025
Commit 2 on Sun Aug 17 05:23:58 UTC 2025
Commit 3 on Sun Aug 17 05:23:58 UTC 2025
Commit 4 on Sun Aug 17 05:23:58 UTC 2025
Commit 5 on Sun Aug 17 05:23:58 UTC 2025
Commit 6 on Sun Aug 17 05:23:59 UTC 2025
Commit 7 on Sun Aug 17 05:23:59 UTC 2025
Commit 8 on Sun Aug 17 05:23:59 UTC 2025
Commit 9 on Sun Aug 17 05:23:59 UTC 2025
Commit 10 on Sun Aug 17 05:23:59 UTC 2025
Commit 11 on Sun Aug 17 05:23:59 UTC 2025
Commit 1 on Mon Aug 18 05:28:22 UTC 2025
Commit 2 on Mon Aug 18 05:28:22 UTC 2025
Commit 3 on Mon Aug 18 05:28:22 UTC 2025
Commit 4 on Mon Aug 18 05:28:22 UTC 2025
Commit 5 on Mon Aug 18 05:28:22 UTC 2025
Commit 6 on Mon Aug 18 05:28:22 UTC 2025
Commit 7 on Mon Aug 18 05:28:22 UTC 2025
Commit 8 on Mon Aug 18 05:28:22 UTC 2025
Commit 1 on Tue Aug 19 05:23:34 UTC 2025
Commit 2 on Tue Aug 19 05:23:34 UTC 2025
Commit 3 on Tue Aug 19 05:23:34 UTC 2025
Commit 4 on Tue Aug 19 05:23:34 UTC 2025
Commit 5 on Tue Aug 19 05:23:34 UTC 2025
Commit 6 on Tue Aug 19 05:23:34 UTC 2025
Commit 7 on Tue Aug 19 05:23:34 UTC 2025
Commit 1 on Wed Aug 20 05:23:42 UTC 2025
Commit 2 on Wed Aug 20 05:23:42 UTC 2025
Commit 3 on Wed Aug 20 05:23:42 UTC 2025
Commit 4 on Wed Aug 20 05:23:42 UTC 2025
Commit 5 on Wed Aug 20 05:23:42 UTC 2025
Commit 6 on Wed Aug 20 05:23:42 UTC 2025
Commit 7 on Wed Aug 20 05:23:42 UTC 2025
Commit 8 on Wed Aug 20 05:23:42 UTC 2025
Commit 9 on Wed Aug 20 05:23:43 UTC 2025
Commit 10 on Wed Aug 20 05:23:43 UTC 2025
Commit 11 on Wed Aug 20 05:23:43 UTC 2025
Commit 12 on Wed Aug 20 05:23:43 UTC 2025
Commit 13 on Wed Aug 20 05:23:43 UTC 2025
Commit 14 on Wed Aug 20 05:23:43 UTC 2025
Commit 1 on Thu Aug 21 05:23:38 UTC 2025
Commit 2 on Thu Aug 21 05:23:38 UTC 2025
Commit 3 on Thu Aug 21 05:23:38 UTC 2025
Commit 4 on Thu Aug 21 05:23:38 UTC 2025
Commit 5 on Thu Aug 21 05:23:38 UTC 2025
Commit 6 on Thu Aug 21 05:23:38 UTC 2025
Commit 7 on Thu Aug 21 05:23:38 UTC 2025
Commit 8 on Thu Aug 21 05:23:38 UTC 2025
Commit 9 on Thu Aug 21 05:23:38 UTC 2025
Commit 10 on Thu Aug 21 05:23:38 UTC 2025
Commit 11 on Thu Aug 21 05:23:38 UTC 2025
Commit 12 on Thu Aug 21 05:23:38 UTC 2025
Commit 1 on Fri Aug 22 05:23:16 UTC 2025
Commit 2 on Fri Aug 22 05:23:16 UTC 2025
Commit 3 on Fri Aug 22 05:23:16 UTC 2025
Commit 4 on Fri Aug 22 05:23:16 UTC 2025
Commit 5 on Fri Aug 22 05:23:16 UTC 2025
Commit 6 on Fri Aug 22 05:23:16 UTC 2025
Commit 7 on Fri Aug 22 05:23:16 UTC 2025
Commit 8 on Fri Aug 22 05:23:16 UTC 2025
Commit 9 on Fri Aug 22 05:23:16 UTC 2025
Commit 10 on Fri Aug 22 05:23:16 UTC 2025
Commit 1 on Sat Aug 23 05:21:06 UTC 2025
Commit 2 on Sat Aug 23 05:21:06 UTC 2025
Commit 3 on Sat Aug 23 05:21:06 UTC 2025
Commit 4 on Sat Aug 23 05:21:06 UTC 2025
Commit 5 on Sat Aug 23 05:21:06 UTC 2025
Commit 6 on Sat Aug 23 05:21:06 UTC 2025
Commit 7 on Sat Aug 23 05:21:06 UTC 2025
Commit 8 on Sat Aug 23 05:21:06 UTC 2025
Commit 9 on Sat Aug 23 05:21:06 UTC 2025
Commit 10 on Sat Aug 23 05:21:06 UTC 2025
Commit 11 on Sat Aug 23 05:21:06 UTC 2025
Commit 12 on Sat Aug 23 05:21:06 UTC 2025
Commit 13 on Sat Aug 23 05:21:06 UTC 2025
Commit 1 on Sun Aug 24 05:22:36 UTC 2025
Commit 2 on Sun Aug 24 05:22:36 UTC 2025
Commit 3 on Sun Aug 24 05:22:36 UTC 2025
Commit 4 on Sun Aug 24 05:22:36 UTC 2025
Commit 5 on Sun Aug 24 05:22:36 UTC 2025
Commit 6 on Sun Aug 24 05:22:36 UTC 2025
Commit 7 on Sun Aug 24 05:22:36 UTC 2025
Commit 8 on Sun Aug 24 05:22:36 UTC 2025
Commit 1 on Mon Aug 25 05:25:06 UTC 2025
Commit 2 on Mon Aug 25 05:25:06 UTC 2025
Commit 3 on Mon Aug 25 05:25:06 UTC 2025
Commit 4 on Mon Aug 25 05:25:06 UTC 2025
Commit 5 on Mon Aug 25 05:25:06 UTC 2025
Commit 6 on Mon Aug 25 05:25:06 UTC 2025
Commit 7 on Mon Aug 25 05:25:06 UTC 2025
Commit 8 on Mon Aug 25 05:25:06 UTC 2025
Commit 9 on Mon Aug 25 05:25:06 UTC 2025
Commit 10 on Mon Aug 25 05:25:06 UTC 2025
Commit 11 on Mon Aug 25 05:25:06 UTC 2025
Commit 12 on Mon Aug 25 05:25:06 UTC 2025
Commit 13 on Mon Aug 25 05:25:06 UTC 2025
Commit 14 on Mon Aug 25 05:25:06 UTC 2025
Commit 1 on Tue Aug 26 05:23:54 UTC 2025
Commit 2 on Tue Aug 26 05:23:54 UTC 2025
Commit 3 on Tue Aug 26 05:23:54 UTC 2025
Commit 4 on Tue Aug 26 05:23:54 UTC 2025
Commit 1 on Wed Aug 27 05:21:45 UTC 2025
Commit 2 on Wed Aug 27 05:21:45 UTC 2025
Commit 3 on Wed Aug 27 05:21:45 UTC 2025
Commit 4 on Wed Aug 27 05:21:45 UTC 2025
Commit 5 on Wed Aug 27 05:21:45 UTC 2025
Commit 6 on Wed Aug 27 05:21:45 UTC 2025
Commit 7 on Wed Aug 27 05:21:45 UTC 2025
Commit 8 on Wed Aug 27 05:21:45 UTC 2025
Commit 9 on Wed Aug 27 05:21:45 UTC 2025
Commit 10 on Wed Aug 27 05:21:45 UTC 2025
Commit 11 on Wed Aug 27 05:21:45 UTC 2025
Commit 12 on Wed Aug 27 05:21:45 UTC 2025
Commit 13 on Wed Aug 27 05:21:45 UTC 2025
Commit 14 on Wed Aug 27 05:21:45 UTC 2025
Commit 15 on Wed Aug 27 05:21:45 UTC 2025
Commit 1 on Thu Aug 28 05:22:40 UTC 2025
Commit 2 on Thu Aug 28 05:22:40 UTC 2025
Commit 3 on Thu Aug 28 05:22:40 UTC 2025
Commit 1 on Fri Aug 29 05:21:33 UTC 2025
Commit 2 on Fri Aug 29 05:21:33 UTC 2025
Commit 3 on Fri Aug 29 05:21:33 UTC 2025
Commit 4 on Fri Aug 29 05:21:33 UTC 2025
Commit 5 on Fri Aug 29 05:21:33 UTC 2025
Commit 6 on Fri Aug 29 05:21:33 UTC 2025
Commit 7 on Fri Aug 29 05:21:33 UTC 2025
Commit 8 on Fri Aug 29 05:21:33 UTC 2025
Commit 9 on Fri Aug 29 05:21:33 UTC 2025
Commit 1 on Sat Aug 30 05:20:02 UTC 2025
Commit 1 on Sun Aug 31 05:20:45 UTC 2025
Commit 2 on Sun Aug 31 05:20:45 UTC 2025
Commit 3 on Sun Aug 31 05:20:45 UTC 2025
Commit 4 on Sun Aug 31 05:20:45 UTC 2025
Commit 5 on Sun Aug 31 05:20:45 UTC 2025
Commit 6 on Sun Aug 31 05:20:45 UTC 2025
Commit 7 on Sun Aug 31 05:20:45 UTC 2025
Commit 8 on Sun Aug 31 05:20:45 UTC 2025
Commit 9 on Sun Aug 31 05:20:45 UTC 2025
Commit 10 on Sun Aug 31 05:20:45 UTC 2025
Commit 1 on Mon Sep  1 05:24:07 UTC 2025
Commit 2 on Mon Sep  1 05:24:07 UTC 2025
Commit 3 on Mon Sep  1 05:24:07 UTC 2025
Commit 1 on Tue Sep  2 05:23:16 UTC 2025
Commit 2 on Tue Sep  2 05:23:16 UTC 2025
Commit 3 on Tue Sep  2 05:23:16 UTC 2025
Commit 4 on Tue Sep  2 05:23:16 UTC 2025
Commit 5 on Tue Sep  2 05:23:16 UTC 2025
Commit 6 on Tue Sep  2 05:23:16 UTC 2025
Commit 7 on Tue Sep  2 05:23:16 UTC 2025
Commit 8 on Tue Sep  2 05:23:16 UTC 2025
Commit 9 on Tue Sep  2 05:23:16 UTC 2025
Commit 10 on Tue Sep  2 05:23:16 UTC 2025
Commit 11 on Tue Sep  2 05:23:16 UTC 2025
Commit 1 on Wed Sep  3 05:20:43 UTC 2025
Commit 2 on Wed Sep  3 05:20:43 UTC 2025
Commit 3 on Wed Sep  3 05:20:43 UTC 2025
Commit 4 on Wed Sep  3 05:20:43 UTC 2025
Commit 5 on Wed Sep  3 05:20:43 UTC 2025
Commit 6 on Wed Sep  3 05:20:43 UTC 2025
Commit 7 on Wed Sep  3 05:20:43 UTC 2025
Commit 1 on Thu Sep  4 05:20:43 UTC 2025
Commit 2 on Thu Sep  4 05:20:43 UTC 2025
Commit 3 on Thu Sep  4 05:20:43 UTC 2025
Commit 4 on Thu Sep  4 05:20:43 UTC 2025
Commit 5 on Thu Sep  4 05:20:43 UTC 2025
Commit 6 on Thu Sep  4 05:20:43 UTC 2025
Commit 7 on Thu Sep  4 05:20:43 UTC 2025
Commit 8 on Thu Sep  4 05:20:43 UTC 2025
Commit 1 on Fri Sep  5 05:21:13 UTC 2025
Commit 2 on Fri Sep  5 05:21:13 UTC 2025
Commit 3 on Fri Sep  5 05:21:13 UTC 2025
Commit 4 on Fri Sep  5 05:21:13 UTC 2025
Commit 5 on Fri Sep  5 05:21:13 UTC 2025
Commit 6 on Fri Sep  5 05:21:13 UTC 2025
Commit 7 on Fri Sep  5 05:21:13 UTC 2025
Commit 8 on Fri Sep  5 05:21:13 UTC 2025
Commit 9 on Fri Sep  5 05:21:13 UTC 2025
Commit 10 on Fri Sep  5 05:21:13 UTC 2025
Commit 11 on Fri Sep  5 05:21:13 UTC 2025
Commit 12 on Fri Sep  5 05:21:13 UTC 2025
Commit 13 on Fri Sep  5 05:21:13 UTC 2025
Commit 1 on Sat Sep  6 05:19:42 UTC 2025
Commit 2 on Sat Sep  6 05:19:42 UTC 2025
Commit 3 on Sat Sep  6 05:19:42 UTC 2025
Commit 4 on Sat Sep  6 05:19:42 UTC 2025
Commit 5 on Sat Sep  6 05:19:42 UTC 2025
Commit 6 on Sat Sep  6 05:19:42 UTC 2025
Commit 7 on Sat Sep  6 05:19:42 UTC 2025
Commit 8 on Sat Sep  6 05:19:42 UTC 2025
Commit 9 on Sat Sep  6 05:19:42 UTC 2025
Commit 10 on Sat Sep  6 05:19:42 UTC 2025
Commit 1 on Sun Sep  7 05:20:29 UTC 2025
Commit 2 on Sun Sep  7 05:20:29 UTC 2025
Commit 3 on Sun Sep  7 05:20:29 UTC 2025
Commit 4 on Sun Sep  7 05:20:29 UTC 2025
Commit 5 on Sun Sep  7 05:20:29 UTC 2025
Commit 1 on Mon Sep  8 05:22:20 UTC 2025
Commit 2 on Mon Sep  8 05:22:20 UTC 2025
Commit 3 on Mon Sep  8 05:22:20 UTC 2025
Commit 4 on Mon Sep  8 05:22:20 UTC 2025
Commit 5 on Mon Sep  8 05:22:20 UTC 2025
Commit 1 on Tue Sep  9 05:22:18 UTC 2025
Commit 2 on Tue Sep  9 05:22:18 UTC 2025
Commit 3 on Tue Sep  9 05:22:18 UTC 2025
Commit 4 on Tue Sep  9 05:22:18 UTC 2025
Commit 5 on Tue Sep  9 05:22:18 UTC 2025
Commit 6 on Tue Sep  9 05:22:18 UTC 2025
Commit 7 on Tue Sep  9 05:22:18 UTC 2025
Commit 8 on Tue Sep  9 05:22:18 UTC 2025
Commit 9 on Tue Sep  9 05:22:18 UTC 2025
Commit 1 on Wed Sep 10 05:20:56 UTC 2025
Commit 2 on Wed Sep 10 05:20:56 UTC 2025
Commit 3 on Wed Sep 10 05:20:56 UTC 2025
Commit 4 on Wed Sep 10 05:20:56 UTC 2025
Commit 1 on Thu Sep 11 05:21:35 UTC 2025
Commit 2 on Thu Sep 11 05:21:35 UTC 2025
Commit 3 on Thu Sep 11 05:21:35 UTC 2025
Commit 4 on Thu Sep 11 05:21:35 UTC 2025
Commit 5 on Thu Sep 11 05:21:35 UTC 2025
Commit 6 on Thu Sep 11 05:21:35 UTC 2025
Commit 7 on Thu Sep 11 05:21:35 UTC 2025
Commit 8 on Thu Sep 11 05:21:35 UTC 2025
Commit 9 on Thu Sep 11 05:21:35 UTC 2025
Commit 10 on Thu Sep 11 05:21:35 UTC 2025
Commit 11 on Thu Sep 11 05:21:35 UTC 2025
Commit 12 on Thu Sep 11 05:21:35 UTC 2025
Commit 13 on Thu Sep 11 05:21:35 UTC 2025
Commit 14 on Thu Sep 11 05:21:35 UTC 2025
Commit 1 on Fri Sep 12 05:20:36 UTC 2025
Commit 2 on Fri Sep 12 05:20:36 UTC 2025
Commit 3 on Fri Sep 12 05:20:36 UTC 2025
Commit 4 on Fri Sep 12 05:20:36 UTC 2025
Commit 5 on Fri Sep 12 05:20:36 UTC 2025
Commit 6 on Fri Sep 12 05:20:36 UTC 2025
Commit 7 on Fri Sep 12 05:20:36 UTC 2025
Commit 8 on Fri Sep 12 05:20:36 UTC 2025
Commit 1 on Sat Sep 13 05:19:20 UTC 2025
Commit 2 on Sat Sep 13 05:19:20 UTC 2025
Commit 3 on Sat Sep 13 05:19:20 UTC 2025
Commit 4 on Sat Sep 13 05:19:20 UTC 2025
Commit 5 on Sat Sep 13 05:19:20 UTC 2025
Commit 6 on Sat Sep 13 05:19:20 UTC 2025
Commit 7 on Sat Sep 13 05:19:20 UTC 2025
Commit 8 on Sat Sep 13 05:19:20 UTC 2025
Commit 9 on Sat Sep 13 05:19:20 UTC 2025
Commit 10 on Sat Sep 13 05:19:20 UTC 2025
Commit 1 on Sun Sep 14 05:19:55 UTC 2025
Commit 2 on Sun Sep 14 05:19:55 UTC 2025
Commit 3 on Sun Sep 14 05:19:55 UTC 2025
Commit 4 on Sun Sep 14 05:19:55 UTC 2025
Commit 1 on Mon Sep 15 05:22:41 UTC 2025
Commit 2 on Mon Sep 15 05:22:41 UTC 2025
Commit 3 on Mon Sep 15 05:22:41 UTC 2025
Commit 4 on Mon Sep 15 05:22:41 UTC 2025
Commit 5 on Mon Sep 15 05:22:41 UTC 2025
Commit 6 on Mon Sep 15 05:22:41 UTC 2025
Commit 7 on Mon Sep 15 05:22:41 UTC 2025
Commit 8 on Mon Sep 15 05:22:41 UTC 2025
Commit 1 on Tue Sep 16 05:21:00 UTC 2025
Commit 2 on Tue Sep 16 05:21:00 UTC 2025
Commit 3 on Tue Sep 16 05:21:00 UTC 2025
Commit 4 on Tue Sep 16 05:21:00 UTC 2025
Commit 5 on Tue Sep 16 05:21:00 UTC 2025
Commit 1 on Wed Sep 17 05:21:18 UTC 2025
Commit 2 on Wed Sep 17 05:21:18 UTC 2025
Commit 1 on Thu Sep 18 05:20:48 UTC 2025
Commit 1 on Fri Sep 19 05:20:58 UTC 2025
Commit 2 on Fri Sep 19 05:20:58 UTC 2025
Commit 3 on Fri Sep 19 05:20:58 UTC 2025
Commit 4 on Fri Sep 19 05:20:58 UTC 2025
Commit 5 on Fri Sep 19 05:20:58 UTC 2025
Commit 6 on Fri Sep 19 05:20:58 UTC 2025
Commit 7 on Fri Sep 19 05:20:58 UTC 2025
Commit 8 on Fri Sep 19 05:20:58 UTC 2025
Commit 9 on Fri Sep 19 05:20:58 UTC 2025
Commit 10 on Fri Sep 19 05:20:58 UTC 2025
Commit 11 on Fri Sep 19 05:20:58 UTC 2025
Commit 12 on Fri Sep 19 05:20:58 UTC 2025
Commit 1 on Sat Sep 20 05:20:34 UTC 2025
Commit 2 on Sat Sep 20 05:20:34 UTC 2025
Commit 3 on Sat Sep 20 05:20:34 UTC 2025
Commit 1 on Sun Sep 21 05:21:07 UTC 2025
Commit 2 on Sun Sep 21 05:21:07 UTC 2025
Commit 3 on Sun Sep 21 05:21:07 UTC 2025
Commit 4 on Sun Sep 21 05:21:07 UTC 2025
Commit 5 on Sun Sep 21 05:21:07 UTC 2025
Commit 6 on Sun Sep 21 05:21:07 UTC 2025
Commit 7 on Sun Sep 21 05:21:07 UTC 2025
Commit 8 on Sun Sep 21 05:21:07 UTC 2025
Commit 1 on Mon Sep 22 05:22:23 UTC 2025
Commit 1 on Tue Sep 23 05:22:13 UTC 2025
Commit 2 on Tue Sep 23 05:22:13 UTC 2025
Commit 3 on Tue Sep 23 05:22:13 UTC 2025
Commit 4 on Tue Sep 23 05:22:13 UTC 2025
Commit 5 on Tue Sep 23 05:22:13 UTC 2025
Commit 6 on Tue Sep 23 05:22:13 UTC 2025
Commit 7 on Tue Sep 23 05:22:13 UTC 2025
Commit 8 on Tue Sep 23 05:22:13 UTC 2025
Commit 9 on Tue Sep 23 05:22:13 UTC 2025
Commit 10 on Tue Sep 23 05:22:13 UTC 2025
Commit 11 on Tue Sep 23 05:22:13 UTC 2025
Commit 12 on Tue Sep 23 05:22:13 UTC 2025
Commit 13 on Tue Sep 23 05:22:13 UTC 2025
Commit 14 on Tue Sep 23 05:22:13 UTC 2025
Commit 15 on Tue Sep 23 05:22:13 UTC 2025
Commit 1 on Wed Sep 24 05:21:15 UTC 2025
Commit 2 on Wed Sep 24 05:21:15 UTC 2025
Commit 3 on Wed Sep 24 05:21:15 UTC 2025
Commit 4 on Wed Sep 24 05:21:15 UTC 2025
Commit 5 on Wed Sep 24 05:21:15 UTC 2025
Commit 6 on Wed Sep 24 05:21:15 UTC 2025
Commit 7 on Wed Sep 24 05:21:15 UTC 2025
Commit 8 on Wed Sep 24 05:21:15 UTC 2025
Commit 9 on Wed Sep 24 05:21:15 UTC 2025
Commit 10 on Wed Sep 24 05:21:15 UTC 2025
Commit 1 on Thu Sep 25 05:22:03 UTC 2025
Commit 2 on Thu Sep 25 05:22:03 UTC 2025
Commit 3 on Thu Sep 25 05:22:03 UTC 2025
Commit 4 on Thu Sep 25 05:22:03 UTC 2025
Commit 5 on Thu Sep 25 05:22:03 UTC 2025
Commit 6 on Thu Sep 25 05:22:03 UTC 2025
Commit 1 on Fri Sep 26 05:22:19 UTC 2025
Commit 2 on Fri Sep 26 05:22:19 UTC 2025
Commit 3 on Fri Sep 26 05:22:19 UTC 2025
Commit 4 on Fri Sep 26 05:22:19 UTC 2025
Commit 5 on Fri Sep 26 05:22:19 UTC 2025
Commit 6 on Fri Sep 26 05:22:19 UTC 2025
Commit 7 on Fri Sep 26 05:22:19 UTC 2025
Commit 1 on Sat Sep 27 05:20:30 UTC 2025
Commit 2 on Sat Sep 27 05:20:30 UTC 2025
Commit 3 on Sat Sep 27 05:20:30 UTC 2025
Commit 4 on Sat Sep 27 05:20:30 UTC 2025
Commit 5 on Sat Sep 27 05:20:30 UTC 2025
Commit 6 on Sat Sep 27 05:20:30 UTC 2025
Commit 7 on Sat Sep 27 05:20:30 UTC 2025
Commit 8 on Sat Sep 27 05:20:30 UTC 2025
Commit 9 on Sat Sep 27 05:20:30 UTC 2025
Commit 10 on Sat Sep 27 05:20:30 UTC 2025
Commit 11 on Sat Sep 27 05:20:31 UTC 2025
Commit 1 on Sun Sep 28 05:20:53 UTC 2025
Commit 1 on Mon Sep 29 05:22:58 UTC 2025
Commit 2 on Mon Sep 29 05:22:58 UTC 2025
Commit 3 on Mon Sep 29 05:22:58 UTC 2025
Commit 4 on Mon Sep 29 05:22:58 UTC 2025
Commit 5 on Mon Sep 29 05:22:58 UTC 2025
Commit 6 on Mon Sep 29 05:22:58 UTC 2025
Commit 7 on Mon Sep 29 05:22:58 UTC 2025
Commit 8 on Mon Sep 29 05:22:58 UTC 2025
Commit 9 on Mon Sep 29 05:22:58 UTC 2025
Commit 10 on Mon Sep 29 05:22:58 UTC 2025
Commit 11 on Mon Sep 29 05:22:58 UTC 2025
Commit 12 on Mon Sep 29 05:22:58 UTC 2025
Commit 13 on Mon Sep 29 05:22:58 UTC 2025
Commit 14 on Mon Sep 29 05:22:58 UTC 2025
Commit 1 on Tue Sep 30 05:22:17 UTC 2025
Commit 2 on Tue Sep 30 05:22:17 UTC 2025
Commit 3 on Tue Sep 30 05:22:17 UTC 2025
Commit 4 on Tue Sep 30 05:22:17 UTC 2025
Commit 5 on Tue Sep 30 05:22:17 UTC 2025
Commit 1 on Wed Oct  1 05:22:27 UTC 2025
Commit 2 on Wed Oct  1 05:22:27 UTC 2025
Commit 3 on Wed Oct  1 05:22:27 UTC 2025
Commit 4 on Wed Oct  1 05:22:27 UTC 2025
Commit 5 on Wed Oct  1 05:22:27 UTC 2025
Commit 6 on Wed Oct  1 05:22:27 UTC 2025
Commit 7 on Wed Oct  1 05:22:27 UTC 2025
Commit 8 on Wed Oct  1 05:22:27 UTC 2025
Commit 9 on Wed Oct  1 05:22:27 UTC 2025
Commit 10 on Wed Oct  1 05:22:27 UTC 2025
Commit 1 on Thu Oct  2 05:21:04 UTC 2025
Commit 2 on Thu Oct  2 05:21:04 UTC 2025
Commit 3 on Thu Oct  2 05:21:04 UTC 2025
Commit 4 on Thu Oct  2 05:21:04 UTC 2025
Commit 1 on Fri Oct  3 05:21:30 UTC 2025
Commit 2 on Fri Oct  3 05:21:30 UTC 2025
Commit 3 on Fri Oct  3 05:21:30 UTC 2025
Commit 4 on Fri Oct  3 05:21:30 UTC 2025
Commit 5 on Fri Oct  3 05:21:30 UTC 2025
Commit 6 on Fri Oct  3 05:21:30 UTC 2025
Commit 7 on Fri Oct  3 05:21:30 UTC 2025
Commit 8 on Fri Oct  3 05:21:30 UTC 2025
Commit 9 on Fri Oct  3 05:21:30 UTC 2025
Commit 10 on Fri Oct  3 05:21:30 UTC 2025
Commit 11 on Fri Oct  3 05:21:30 UTC 2025
Commit 12 on Fri Oct  3 05:21:30 UTC 2025
Commit 13 on Fri Oct  3 05:21:30 UTC 2025
Commit 1 on Sat Oct  4 05:19:52 UTC 2025
Commit 2 on Sat Oct  4 05:19:52 UTC 2025
Commit 3 on Sat Oct  4 05:19:52 UTC 2025
Commit 4 on Sat Oct  4 05:19:52 UTC 2025
Commit 5 on Sat Oct  4 05:19:52 UTC 2025
Commit 6 on Sat Oct  4 05:19:52 UTC 2025
Commit 7 on Sat Oct  4 05:19:52 UTC 2025
Commit 8 on Sat Oct  4 05:19:52 UTC 2025
Commit 9 on Sat Oct  4 05:19:52 UTC 2025
Commit 10 on Sat Oct  4 05:19:52 UTC 2025
Commit 1 on Sun Oct  5 05:20:00 UTC 2025
Commit 2 on Sun Oct  5 05:20:00 UTC 2025
Commit 3 on Sun Oct  5 05:20:00 UTC 2025
Commit 4 on Sun Oct  5 05:20:00 UTC 2025
Commit 5 on Sun Oct  5 05:20:00 UTC 2025
Commit 1 on Mon Oct  6 05:22:06 UTC 2025
Commit 2 on Mon Oct  6 05:22:06 UTC 2025
Commit 1 on Tue Oct  7 05:21:31 UTC 2025
Commit 2 on Tue Oct  7 05:21:31 UTC 2025
Commit 3 on Tue Oct  7 05:21:31 UTC 2025
Commit 4 on Tue Oct  7 05:21:31 UTC 2025
Commit 5 on Tue Oct  7 05:21:31 UTC 2025
Commit 6 on Tue Oct  7 05:21:31 UTC 2025
Commit 7 on Tue Oct  7 05:21:31 UTC 2025
Commit 8 on Tue Oct  7 05:21:32 UTC 2025
Commit 1 on Wed Oct  8 05:22:09 UTC 2025
Commit 2 on Wed Oct  8 05:22:09 UTC 2025
Commit 3 on Wed Oct  8 05:22:09 UTC 2025
Commit 4 on Wed Oct  8 05:22:09 UTC 2025
Commit 5 on Wed Oct  8 05:22:09 UTC 2025
Commit 6 on Wed Oct  8 05:22:09 UTC 2025
Commit 7 on Wed Oct  8 05:22:09 UTC 2025
Commit 8 on Wed Oct  8 05:22:09 UTC 2025
Commit 1 on Thu Oct  9 05:22:09 UTC 2025
Commit 2 on Thu Oct  9 05:22:09 UTC 2025
Commit 3 on Thu Oct  9 05:22:09 UTC 2025
Commit 4 on Thu Oct  9 05:22:09 UTC 2025
Commit 5 on Thu Oct  9 05:22:09 UTC 2025
Commit 6 on Thu Oct  9 05:22:09 UTC 2025
Commit 1 on Fri Oct 10 05:22:14 UTC 2025
Commit 2 on Fri Oct 10 05:22:14 UTC 2025
Commit 3 on Fri Oct 10 05:22:14 UTC 2025
Commit 4 on Fri Oct 10 05:22:14 UTC 2025
Commit 5 on Fri Oct 10 05:22:14 UTC 2025
Commit 6 on Fri Oct 10 05:22:14 UTC 2025
Commit 7 on Fri Oct 10 05:22:14 UTC 2025
Commit 1 on Sat Oct 11 05:20:17 UTC 2025
Commit 2 on Sat Oct 11 05:20:17 UTC 2025
Commit 3 on Sat Oct 11 05:20:17 UTC 2025
Commit 4 on Sat Oct 11 05:20:17 UTC 2025
Commit 5 on Sat Oct 11 05:20:17 UTC 2025
Commit 6 on Sat Oct 11 05:20:17 UTC 2025
Commit 7 on Sat Oct 11 05:20:17 UTC 2025
Commit 8 on Sat Oct 11 05:20:17 UTC 2025
Commit 9 on Sat Oct 11 05:20:17 UTC 2025
Commit 10 on Sat Oct 11 05:20:17 UTC 2025
Commit 11 on Sat Oct 11 05:20:17 UTC 2025
Commit 12 on Sat Oct 11 05:20:17 UTC 2025
Commit 13 on Sat Oct 11 05:20:17 UTC 2025
Commit 14 on Sat Oct 11 05:20:17 UTC 2025
Commit 15 on Sat Oct 11 05:20:17 UTC 2025
Commit 1 on Sun Oct 12 05:20:29 UTC 2025
Commit 2 on Sun Oct 12 05:20:29 UTC 2025
Commit 3 on Sun Oct 12 05:20:29 UTC 2025
Commit 4 on Sun Oct 12 05:20:29 UTC 2025
Commit 5 on Sun Oct 12 05:20:29 UTC 2025
Commit 6 on Sun Oct 12 05:20:29 UTC 2025
Commit 7 on Sun Oct 12 05:20:29 UTC 2025
Commit 8 on Sun Oct 12 05:20:29 UTC 2025
Commit 9 on Sun Oct 12 05:20:29 UTC 2025
Commit 10 on Sun Oct 12 05:20:29 UTC 2025
Commit 11 on Sun Oct 12 05:20:29 UTC 2025
Commit 12 on Sun Oct 12 05:20:29 UTC 2025
Commit 1 on Mon Oct 13 05:23:40 UTC 2025
Commit 2 on Mon Oct 13 05:23:40 UTC 2025
Commit 3 on Mon Oct 13 05:23:40 UTC 2025
Commit 4 on Mon Oct 13 05:23:40 UTC 2025
Commit 5 on Mon Oct 13 05:23:40 UTC 2025
Commit 6 on Mon Oct 13 05:23:40 UTC 2025
Commit 7 on Mon Oct 13 05:23:40 UTC 2025
Commit 1 on Tue Oct 14 05:21:49 UTC 2025
Commit 2 on Tue Oct 14 05:21:49 UTC 2025
Commit 3 on Tue Oct 14 05:21:49 UTC 2025
Commit 4 on Tue Oct 14 05:21:49 UTC 2025
Commit 5 on Tue Oct 14 05:21:49 UTC 2025
Commit 6 on Tue Oct 14 05:21:49 UTC 2025
Commit 7 on Tue Oct 14 05:21:49 UTC 2025
Commit 8 on Tue Oct 14 05:21:49 UTC 2025
Commit 9 on Tue Oct 14 05:21:49 UTC 2025
Commit 10 on Tue Oct 14 05:21:49 UTC 2025
Commit 11 on Tue Oct 14 05:21:49 UTC 2025
Commit 1 on Wed Oct 15 05:22:26 UTC 2025
Commit 2 on Wed Oct 15 05:22:26 UTC 2025
Commit 3 on Wed Oct 15 05:22:26 UTC 2025
Commit 4 on Wed Oct 15 05:22:26 UTC 2025
Commit 5 on Wed Oct 15 05:22:26 UTC 2025
Commit 6 on Wed Oct 15 05:22:26 UTC 2025
Commit 7 on Wed Oct 15 05:22:26 UTC 2025
Commit 8 on Wed Oct 15 05:22:26 UTC 2025
Commit 9 on Wed Oct 15 05:22:26 UTC 2025
Commit 10 on Wed Oct 15 05:22:26 UTC 2025
Commit 11 on Wed Oct 15 05:22:26 UTC 2025
Commit 12 on Wed Oct 15 05:22:26 UTC 2025
Commit 13 on Wed Oct 15 05:22:26 UTC 2025
Commit 1 on Thu Oct 16 05:22:12 UTC 2025
Commit 2 on Thu Oct 16 05:22:12 UTC 2025
Commit 3 on Thu Oct 16 05:22:12 UTC 2025
Commit 4 on Thu Oct 16 05:22:12 UTC 2025
Commit 5 on Thu Oct 16 05:22:12 UTC 2025
Commit 6 on Thu Oct 16 05:22:12 UTC 2025
Commit 7 on Thu Oct 16 05:22:12 UTC 2025
Commit 8 on Thu Oct 16 05:22:12 UTC 2025
Commit 9 on Thu Oct 16 05:22:12 UTC 2025
Commit 10 on Thu Oct 16 05:22:12 UTC 2025
Commit 11 on Thu Oct 16 05:22:12 UTC 2025
Commit 1 on Fri Oct 17 05:21:48 UTC 2025
Commit 2 on Fri Oct 17 05:21:48 UTC 2025
Commit 3 on Fri Oct 17 05:21:48 UTC 2025
Commit 4 on Fri Oct 17 05:21:48 UTC 2025
Commit 5 on Fri Oct 17 05:21:48 UTC 2025
Commit 6 on Fri Oct 17 05:21:48 UTC 2025
Commit 7 on Fri Oct 17 05:21:48 UTC 2025
Commit 8 on Fri Oct 17 05:21:48 UTC 2025
Commit 9 on Fri Oct 17 05:21:48 UTC 2025
Commit 10 on Fri Oct 17 05:21:48 UTC 2025
Commit 11 on Fri Oct 17 05:21:48 UTC 2025
Commit 1 on Sat Oct 18 05:20:44 UTC 2025
Commit 2 on Sat Oct 18 05:20:44 UTC 2025
Commit 3 on Sat Oct 18 05:20:44 UTC 2025
Commit 4 on Sat Oct 18 05:20:44 UTC 2025
Commit 5 on Sat Oct 18 05:20:44 UTC 2025
Commit 6 on Sat Oct 18 05:20:44 UTC 2025
Commit 7 on Sat Oct 18 05:20:44 UTC 2025
Commit 1 on Sun Oct 19 05:21:57 UTC 2025
Commit 2 on Sun Oct 19 05:21:57 UTC 2025
Commit 3 on Sun Oct 19 05:21:57 UTC 2025
Commit 4 on Sun Oct 19 05:21:57 UTC 2025
Commit 5 on Sun Oct 19 05:21:57 UTC 2025
Commit 6 on Sun Oct 19 05:21:57 UTC 2025
Commit 1 on Mon Oct 20 05:23:56 UTC 2025
Commit 2 on Mon Oct 20 05:23:56 UTC 2025
Commit 1 on Tue Oct 21 05:22:52 UTC 2025
Commit 2 on Tue Oct 21 05:22:52 UTC 2025
Commit 3 on Tue Oct 21 05:22:52 UTC 2025
Commit 4 on Tue Oct 21 05:22:52 UTC 2025
Commit 5 on Tue Oct 21 05:22:52 UTC 2025
Commit 6 on Tue Oct 21 05:22:52 UTC 2025
Commit 1 on Wed Oct 22 05:23:25 UTC 2025
Commit 2 on Wed Oct 22 05:23:25 UTC 2025
Commit 3 on Wed Oct 22 05:23:25 UTC 2025
Commit 4 on Wed Oct 22 05:23:25 UTC 2025
Commit 5 on Wed Oct 22 05:23:25 UTC 2025
Commit 6 on Wed Oct 22 05:23:25 UTC 2025
Commit 7 on Wed Oct 22 05:23:25 UTC 2025
Commit 8 on Wed Oct 22 05:23:25 UTC 2025
Commit 9 on Wed Oct 22 05:23:25 UTC 2025
Commit 10 on Wed Oct 22 05:23:25 UTC 2025
Commit 11 on Wed Oct 22 05:23:25 UTC 2025
Commit 12 on Wed Oct 22 05:23:25 UTC 2025
Commit 13 on Wed Oct 22 05:23:25 UTC 2025
Commit 14 on Wed Oct 22 05:23:25 UTC 2025
Commit 1 on Thu Oct 23 05:23:17 UTC 2025
Commit 2 on Thu Oct 23 05:23:17 UTC 2025
Commit 3 on Thu Oct 23 05:23:17 UTC 2025
Commit 4 on Thu Oct 23 05:23:17 UTC 2025
Commit 5 on Thu Oct 23 05:23:17 UTC 2025
Commit 6 on Thu Oct 23 05:23:17 UTC 2025
Commit 7 on Thu Oct 23 05:23:17 UTC 2025
Commit 8 on Thu Oct 23 05:23:17 UTC 2025
Commit 9 on Thu Oct 23 05:23:17 UTC 2025
Commit 10 on Thu Oct 23 05:23:17 UTC 2025
Commit 11 on Thu Oct 23 05:23:17 UTC 2025
Commit 12 on Thu Oct 23 05:23:17 UTC 2025
Commit 13 on Thu Oct 23 05:23:17 UTC 2025
Commit 14 on Thu Oct 23 05:23:17 UTC 2025
Commit 15 on Thu Oct 23 05:23:17 UTC 2025
Commit 1 on Fri Oct 24 05:22:22 UTC 2025
Commit 1 on Sat Oct 25 05:21:42 UTC 2025
Commit 2 on Sat Oct 25 05:21:42 UTC 2025
Commit 3 on Sat Oct 25 05:21:42 UTC 2025
Commit 4 on Sat Oct 25 05:21:42 UTC 2025
Commit 1 on Sun Oct 26 05:21:56 UTC 2025
Commit 2 on Sun Oct 26 05:21:56 UTC 2025
Commit 3 on Sun Oct 26 05:21:56 UTC 2025
Commit 4 on Sun Oct 26 05:21:56 UTC 2025
Commit 1 on Mon Oct 27 05:25:10 UTC 2025
Commit 2 on Mon Oct 27 05:25:10 UTC 2025
Commit 3 on Mon Oct 27 05:25:10 UTC 2025
Commit 4 on Mon Oct 27 05:25:10 UTC 2025
Commit 5 on Mon Oct 27 05:25:10 UTC 2025
Commit 1 on Tue Oct 28 05:23:58 UTC 2025
Commit 2 on Tue Oct 28 05:23:58 UTC 2025
Commit 1 on Wed Oct 29 05:24:41 UTC 2025
Commit 2 on Wed Oct 29 05:24:41 UTC 2025
Commit 3 on Wed Oct 29 05:24:41 UTC 2025
Commit 1 on Thu Oct 30 05:23:16 UTC 2025
Commit 2 on Thu Oct 30 05:23:16 UTC 2025
Commit 3 on Thu Oct 30 05:23:16 UTC 2025
Commit 4 on Thu Oct 30 05:23:16 UTC 2025
Commit 5 on Thu Oct 30 05:23:16 UTC 2025
Commit 6 on Thu Oct 30 05:23:16 UTC 2025
Commit 7 on Thu Oct 30 05:23:16 UTC 2025
Commit 8 on Thu Oct 30 05:23:16 UTC 2025
Commit 9 on Thu Oct 30 05:23:16 UTC 2025
Commit 10 on Thu Oct 30 05:23:16 UTC 2025
Commit 1 on Fri Oct 31 05:24:19 UTC 2025
Commit 2 on Fri Oct 31 05:24:19 UTC 2025
Commit 3 on Fri Oct 31 05:24:19 UTC 2025
Commit 4 on Fri Oct 31 05:24:19 UTC 2025
Commit 5 on Fri Oct 31 05:24:19 UTC 2025
Commit 6 on Fri Oct 31 05:24:19 UTC 2025
Commit 1 on Sat Nov  1 05:21:42 UTC 2025
Commit 2 on Sat Nov  1 05:21:42 UTC 2025
Commit 3 on Sat Nov  1 05:21:42 UTC 2025
Commit 4 on Sat Nov  1 05:21:42 UTC 2025
Commit 5 on Sat Nov  1 05:21:42 UTC 2025
Commit 6 on Sat Nov  1 05:21:42 UTC 2025
Commit 7 on Sat Nov  1 05:21:42 UTC 2025
Commit 8 on Sat Nov  1 05:21:42 UTC 2025
Commit 9 on Sat Nov  1 05:21:42 UTC 2025
Commit 1 on Sun Nov  2 05:22:16 UTC 2025
Commit 2 on Sun Nov  2 05:22:16 UTC 2025
Commit 3 on Sun Nov  2 05:22:17 UTC 2025
Commit 4 on Sun Nov  2 05:22:17 UTC 2025
Commit 5 on Sun Nov  2 05:22:17 UTC 2025
Commit 6 on Sun Nov  2 05:22:17 UTC 2025
Commit 7 on Sun Nov  2 05:22:17 UTC 2025
Commit 1 on Mon Nov  3 05:24:53 UTC 2025
Commit 2 on Mon Nov  3 05:24:53 UTC 2025
Commit 3 on Mon Nov  3 05:24:53 UTC 2025
Commit 1 on Tue Nov  4 05:23:52 UTC 2025
Commit 2 on Tue Nov  4 05:23:52 UTC 2025
Commit 1 on Wed Nov  5 05:24:27 UTC 2025
Commit 2 on Wed Nov  5 05:24:27 UTC 2025
Commit 3 on Wed Nov  5 05:24:27 UTC 2025
Commit 4 on Wed Nov  5 05:24:27 UTC 2025
Commit 5 on Wed Nov  5 05:24:27 UTC 2025
Commit 1 on Thu Nov  6 05:24:59 UTC 2025
Commit 2 on Thu Nov  6 05:24:59 UTC 2025
Commit 1 on Fri Nov  7 05:23:45 UTC 2025
Commit 2 on Fri Nov  7 05:23:45 UTC 2025
Commit 3 on Fri Nov  7 05:23:45 UTC 2025
Commit 1 on Sat Nov  8 05:21:44 UTC 2025
Commit 2 on Sat Nov  8 05:21:44 UTC 2025
Commit 3 on Sat Nov  8 05:21:44 UTC 2025
Commit 4 on Sat Nov  8 05:21:44 UTC 2025
Commit 5 on Sat Nov  8 05:21:44 UTC 2025
Commit 6 on Sat Nov  8 05:21:44 UTC 2025
Commit 7 on Sat Nov  8 05:21:44 UTC 2025
Commit 8 on Sat Nov  8 05:21:44 UTC 2025
Commit 9 on Sat Nov  8 05:21:44 UTC 2025
Commit 10 on Sat Nov  8 05:21:44 UTC 2025
Commit 11 on Sat Nov  8 05:21:44 UTC 2025
Commit 1 on Sun Nov  9 05:21:55 UTC 2025
Commit 2 on Sun Nov  9 05:21:55 UTC 2025
Commit 3 on Sun Nov  9 05:21:55 UTC 2025
Commit 4 on Sun Nov  9 05:21:55 UTC 2025
Commit 5 on Sun Nov  9 05:21:55 UTC 2025
Commit 6 on Sun Nov  9 05:21:55 UTC 2025
Commit 7 on Sun Nov  9 05:21:55 UTC 2025
Commit 8 on Sun Nov  9 05:21:55 UTC 2025
Commit 9 on Sun Nov  9 05:21:55 UTC 2025
Commit 10 on Sun Nov  9 05:21:55 UTC 2025
Commit 11 on Sun Nov  9 05:21:55 UTC 2025
Commit 12 on Sun Nov  9 05:21:55 UTC 2025
Commit 13 on Sun Nov  9 05:21:55 UTC 2025
Commit 14 on Sun Nov  9 05:21:55 UTC 2025
Commit 1 on Mon Nov 10 05:24:57 UTC 2025
Commit 2 on Mon Nov 10 05:24:57 UTC 2025
Commit 3 on Mon Nov 10 05:24:57 UTC 2025
Commit 4 on Mon Nov 10 05:24:57 UTC 2025
Commit 5 on Mon Nov 10 05:24:57 UTC 2025
Commit 6 on Mon Nov 10 05:24:57 UTC 2025
Commit 7 on Mon Nov 10 05:24:57 UTC 2025
Commit 8 on Mon Nov 10 05:24:57 UTC 2025
Commit 9 on Mon Nov 10 05:24:57 UTC 2025
Commit 10 on Mon Nov 10 05:24:57 UTC 2025
Commit 1 on Tue Nov 11 05:24:59 UTC 2025
Commit 2 on Tue Nov 11 05:24:59 UTC 2025
Commit 3 on Tue Nov 11 05:24:59 UTC 2025
Commit 4 on Tue Nov 11 05:24:59 UTC 2025
Commit 5 on Tue Nov 11 05:24:59 UTC 2025
Commit 6 on Tue Nov 11 05:24:59 UTC 2025
Commit 7 on Tue Nov 11 05:24:59 UTC 2025
Commit 8 on Tue Nov 11 05:24:59 UTC 2025
Commit 9 on Tue Nov 11 05:24:59 UTC 2025
Commit 10 on Tue Nov 11 05:24:59 UTC 2025
Commit 11 on Tue Nov 11 05:24:59 UTC 2025
Commit 12 on Tue Nov 11 05:24:59 UTC 2025
Commit 13 on Tue Nov 11 05:24:59 UTC 2025
Commit 14 on Tue Nov 11 05:24:59 UTC 2025
Commit 1 on Wed Nov 12 05:24:45 UTC 2025
Commit 2 on Wed Nov 12 05:24:45 UTC 2025
Commit 3 on Wed Nov 12 05:24:45 UTC 2025
Commit 4 on Wed Nov 12 05:24:45 UTC 2025
Commit 5 on Wed Nov 12 05:24:45 UTC 2025
Commit 6 on Wed Nov 12 05:24:45 UTC 2025
Commit 7 on Wed Nov 12 05:24:45 UTC 2025
Commit 8 on Wed Nov 12 05:24:45 UTC 2025
Commit 9 on Wed Nov 12 05:24:45 UTC 2025
Commit 10 on Wed Nov 12 05:24:45 UTC 2025
Commit 1 on Thu Nov 13 05:25:07 UTC 2025
Commit 2 on Thu Nov 13 05:25:07 UTC 2025
Commit 3 on Thu Nov 13 05:25:07 UTC 2025
Commit 1 on Fri Nov 14 05:24:17 UTC 2025
Commit 2 on Fri Nov 14 05:24:17 UTC 2025
Commit 1 on Sat Nov 15 05:22:51 UTC 2025
Commit 2 on Sat Nov 15 05:22:51 UTC 2025
Commit 3 on Sat Nov 15 05:22:51 UTC 2025
Commit 4 on Sat Nov 15 05:22:51 UTC 2025
Commit 5 on Sat Nov 15 05:22:51 UTC 2025
Commit 6 on Sat Nov 15 05:22:51 UTC 2025
Commit 7 on Sat Nov 15 05:22:51 UTC 2025
Commit 8 on Sat Nov 15 05:22:51 UTC 2025
Commit 1 on Sun Nov 16 05:22:49 UTC 2025
Commit 2 on Sun Nov 16 05:22:49 UTC 2025
Commit 3 on Sun Nov 16 05:22:49 UTC 2025
Commit 4 on Sun Nov 16 05:22:49 UTC 2025
Commit 5 on Sun Nov 16 05:22:49 UTC 2025
Commit 6 on Sun Nov 16 05:22:49 UTC 2025
Commit 7 on Sun Nov 16 05:22:49 UTC 2025
Commit 8 on Sun Nov 16 05:22:49 UTC 2025
Commit 9 on Sun Nov 16 05:22:49 UTC 2025
Commit 10 on Sun Nov 16 05:22:49 UTC 2025
Commit 11 on Sun Nov 16 05:22:49 UTC 2025
Commit 12 on Sun Nov 16 05:22:49 UTC 2025
Commit 13 on Sun Nov 16 05:22:49 UTC 2025
Commit 1 on Mon Nov 17 05:25:43 UTC 2025
Commit 2 on Mon Nov 17 05:25:43 UTC 2025
Commit 3 on Mon Nov 17 05:25:43 UTC 2025
Commit 4 on Mon Nov 17 05:25:43 UTC 2025
Commit 1 on Tue Nov 18 05:24:26 UTC 2025
Commit 2 on Tue Nov 18 05:24:26 UTC 2025
Commit 3 on Tue Nov 18 05:24:26 UTC 2025
Commit 4 on Tue Nov 18 05:24:26 UTC 2025
Commit 5 on Tue Nov 18 05:24:26 UTC 2025
Commit 6 on Tue Nov 18 05:24:26 UTC 2025
Commit 1 on Wed Nov 19 05:25:01 UTC 2025
Commit 2 on Wed Nov 19 05:25:01 UTC 2025
Commit 3 on Wed Nov 19 05:25:01 UTC 2025
Commit 4 on Wed Nov 19 05:25:01 UTC 2025
Commit 5 on Wed Nov 19 05:25:01 UTC 2025
Commit 6 on Wed Nov 19 05:25:01 UTC 2025
Commit 7 on Wed Nov 19 05:25:01 UTC 2025
Commit 8 on Wed Nov 19 05:25:01 UTC 2025
Commit 9 on Wed Nov 19 05:25:01 UTC 2025
Commit 10 on Wed Nov 19 05:25:01 UTC 2025
Commit 1 on Thu Nov 20 05:24:51 UTC 2025
Commit 2 on Thu Nov 20 05:24:51 UTC 2025
Commit 3 on Thu Nov 20 05:24:51 UTC 2025
Commit 4 on Thu Nov 20 05:24:51 UTC 2025
Commit 1 on Fri Nov 21 05:24:50 UTC 2025
Commit 2 on Fri Nov 21 05:24:50 UTC 2025
Commit 3 on Fri Nov 21 05:24:50 UTC 2025
Commit 4 on Fri Nov 21 05:24:50 UTC 2025
Commit 5 on Fri Nov 21 05:24:50 UTC 2025
Commit 6 on Fri Nov 21 05:24:50 UTC 2025
Commit 7 on Fri Nov 21 05:24:50 UTC 2025
Commit 8 on Fri Nov 21 05:24:50 UTC 2025
Commit 1 on Sat Nov 22 05:22:28 UTC 2025
Commit 2 on Sat Nov 22 05:22:28 UTC 2025
Commit 3 on Sat Nov 22 05:22:28 UTC 2025
Commit 4 on Sat Nov 22 05:22:28 UTC 2025
Commit 5 on Sat Nov 22 05:22:28 UTC 2025
Commit 6 on Sat Nov 22 05:22:28 UTC 2025
Commit 7 on Sat Nov 22 05:22:28 UTC 2025
Commit 8 on Sat Nov 22 05:22:28 UTC 2025
Commit 9 on Sat Nov 22 05:22:28 UTC 2025
Commit 1 on Sun Nov 23 05:23:36 UTC 2025
Commit 2 on Sun Nov 23 05:23:36 UTC 2025
Commit 3 on Sun Nov 23 05:23:36 UTC 2025
Commit 4 on Sun Nov 23 05:23:36 UTC 2025
Commit 5 on Sun Nov 23 05:23:36 UTC 2025
Commit 6 on Sun Nov 23 05:23:36 UTC 2025
Commit 7 on Sun Nov 23 05:23:36 UTC 2025
Commit 8 on Sun Nov 23 05:23:36 UTC 2025
Commit 1 on Mon Nov 24 05:26:28 UTC 2025
Commit 2 on Mon Nov 24 05:26:28 UTC 2025
Commit 3 on Mon Nov 24 05:26:28 UTC 2025
Commit 4 on Mon Nov 24 05:26:28 UTC 2025
Commit 5 on Mon Nov 24 05:26:28 UTC 2025
Commit 6 on Mon Nov 24 05:26:28 UTC 2025
Commit 7 on Mon Nov 24 05:26:28 UTC 2025
Commit 1 on Tue Nov 25 05:25:52 UTC 2025
Commit 2 on Tue Nov 25 05:25:52 UTC 2025
Commit 3 on Tue Nov 25 05:25:52 UTC 2025
Commit 4 on Tue Nov 25 05:25:52 UTC 2025
Commit 5 on Tue Nov 25 05:25:52 UTC 2025
Commit 6 on Tue Nov 25 05:25:52 UTC 2025
Commit 7 on Tue Nov 25 05:25:52 UTC 2025
Commit 8 on Tue Nov 25 05:25:52 UTC 2025
Commit 1 on Wed Nov 26 05:25:07 UTC 2025
Commit 2 on Wed Nov 26 05:25:07 UTC 2025
Commit 3 on Wed Nov 26 05:25:07 UTC 2025
Commit 4 on Wed Nov 26 05:25:07 UTC 2025
Commit 5 on Wed Nov 26 05:25:07 UTC 2025
Commit 6 on Wed Nov 26 05:25:07 UTC 2025
Commit 7 on Wed Nov 26 05:25:07 UTC 2025
Commit 8 on Wed Nov 26 05:25:07 UTC 2025
Commit 9 on Wed Nov 26 05:25:07 UTC 2025
Commit 10 on Wed Nov 26 05:25:07 UTC 2025
Commit 11 on Wed Nov 26 05:25:07 UTC 2025
Commit 1 on Thu Nov 27 05:25:54 UTC 2025
Commit 1 on Fri Nov 28 05:25:52 UTC 2025
Commit 2 on Fri Nov 28 05:25:52 UTC 2025
Commit 3 on Fri Nov 28 05:25:52 UTC 2025
Commit 4 on Fri Nov 28 05:25:52 UTC 2025
Commit 5 on Fri Nov 28 05:25:52 UTC 2025
Commit 6 on Fri Nov 28 05:25:52 UTC 2025
Commit 7 on Fri Nov 28 05:25:52 UTC 2025
Commit 8 on Fri Nov 28 05:25:52 UTC 2025
Commit 9 on Fri Nov 28 05:25:52 UTC 2025
Commit 10 on Fri Nov 28 05:25:52 UTC 2025
Commit 11 on Fri Nov 28 05:25:52 UTC 2025
